{	
	"gym": [
		{
			"gymname": "Archway at Bramalea City Centre ",
			"links": "https://www.google.com/maps/dir/?api=1&destination=43.71485,-79.727157"
		},
		{
			"gymname": "Allan Kerbal Park Dedication Gazebo",
			"links": "https://www.google.com/maps/dir/?api=1&destination=43.703159,-79.779598"
		},
		{
			"gymname": "Ashurst Park",
			"links": "https://www.google.com/maps/dir/?api=1&destination=43.715798,-79.766979"
		},
		{
			"gymname": "Audrey Wolstenholme Memorial",
			"links": "https://www.google.com/maps/dir/?api=1&destination=43.683631,-79.757829"
		},
		{
			"gymname": "Beatty Fleming Park",
			"links": "https://www.google.com/maps/dir/?api=1&destination=43.680734,-79.777206"
		},
		{
			"gymname": "Black Forest North Park",
			"links": "https://www.google.com/maps/dir/?api=1&destination=43.747623,-79.755123"
		},
		{
			"gymname": "Blue Oak Park",
			"links": "https://www.google.com/maps/dir/?api=1&destination=43.744048,-79.761926"
		},
		{
			"gymname": "Bonnie Glen Farm Park",
			"links": "https://www.google.com/maps/dir/?api=1&destination=43.759513,-79.829507"
		},
		{
			"gymname": "Bramalea Alliance Church",
			"links": "https://www.google.com/maps/dir/?api=1&destination=43.731666,-79.7216"
		},
		{
			"gymname": "Bramalea Baptist Church",
			"links": "https://www.google.com/maps/dir/?api=1&destination=43.714778,-79.729027"
		},
		{
			"gymname": "Bramalea Church of God",
			"links": "https://www.google.com/maps/dir/?api=1&destination=43.716351,-79.704686"
		},
		{
			"gymname": "Bramalea Go Station",
			"links": "https://www.google.com/maps/dir/?api=1&destination=43.70193,-79.691039"
		},
		{
			"gymname": "Bramalea Limited Community Park",
			"links": "https://www.google.com/maps/dir/?api=1&destination=43.722988,-79.756018"
		},
		{
			"gymname": "Bramalea Transit Terminal",
			"links": "https://www.google.com/maps/dir/?api=1&destination=43.718944,-79.720643"
		},
		{
			"gymname": "Brampton Cemetery Church St Entrance Sign",
			"links": "https://www.google.com/maps/dir/?api=1&destination=43.694908,-79.754948"
		},
		{
			"gymname": "Brampton Cineplex Silvercity Theatre",
			"links": "https://www.google.com/maps/dir/?api=1&destination=43.732793,-79.767707"
		},
		{
			"gymname": "Brampton City Hall",
			"links": "https://www.google.com/maps/dir/?api=1&destination=43.684989,-79.759074"
		},
		{
			"gymname": "Brampton Fire Station 203",
			"links": "https://www.google.com/maps/dir/?api=1&destination=43.747508,-79.712672"
		},
		{
			"gymname": "Brampton Heritage Society Knowledge and service dedication tree",
			"links": "https://www.google.com/maps/dir/?api=1&destination=43.67191,-79.741665"
		},
		{
			"gymname": "Brampton Islamic Centre",
			"links": "https://www.google.com/maps/dir/?api=1&destination=43.701621,-79.804663"
		},
		{
			"gymname": "Brampton Masonic Lodge",
			"links": "https://www.google.com/maps/dir/?api=1&destination=43.726403,-79.699298"
		},
		{
			"gymname": "Brampton Memorial Gardens",
			"links": "https://www.google.com/maps/dir/?api=1&destination=43.687608,-79.809985"
		},
		{
			"gymname": "Brampton Peace Garden",
			"links": "https://www.google.com/maps/dir/?api=1&destination=43.724886,-79.800397"
		},
		{
			"gymname": "Brampton Seventh Day Adventist Church",
			"links": "https://www.google.com/maps/dir/?api=1&destination=43.648064,-79.747536"
		},
		{
			"gymname": "Brampton Snelgrove Community Centre",
			"links": "https://www.google.com/maps/dir/?api=1&destination=43.731186,-79.821935"
		},
		{
			"gymname": "Brampton Train Station",
			"links": "https://www.google.com/maps/dir/?api=1&destination=43.686962,-79.764745"
		},
		{
			"gymname": "Brampton Trestle",
			"links": "https://www.google.com/maps/dir/?api=1&destination=43.676126,-79.82386"
		},
		{
			"gymname": "Breadner Way Park",
			"links": "https://www.google.com/maps/dir/?api=1&destination=43.689419,-79.824561"
		},
		{
			"gymname": "Bridge on Etobicoke Creek Trail",
			"links": "https://www.google.com/maps/dir/?api=1&destination=43.671381,-79.739455"
		},
		{
			"gymname": "Bruce Beer Park",
			"links": "https://www.google.com/maps/dir/?api=1&destination=43.708534,-79.759693"
		},
		{
			"gymname": "Brunetta Way Gazebo",
			"links": "https://www.google.com/maps/dir/?api=1&destination=43.778801,-79.661500"
		},
		{
			"gymname": "Calvary Baptist Church",
			"links": "https://www.google.com/maps/dir/?api=1&destination=43.665467,-79.731183"
		},
		{
			"gymname": "Calvert Park Gazebo",
			"links": "https://www.google.com/maps/dir/?api=1&destination=43.698175,-79.772781"
		},
		{
			"gymname": "Camden Park ",
			"links": "https://www.google.com/maps/dir/?api=1&destination=43.719119,-79.794122"
		},
		{
			"gymname": "Camden Park East",
			"links": "https://www.google.com/maps/dir/?api=1&destination=43.741676,-79.746701"
		},
		{
			"gymname": "Canada Post Office - Northgate Shopping Centre",
			"links": "https://www.google.com/maps/dir/?api=1&destination=43.733748,-79.720623"
		},
		{
			"gymname": "Carleton Park",
			"links": "https://www.google.com/maps/dir/?api=1&destination=43.706755,-79.717771"
		},
		{
			"gymname": "Cassie Campbell Community Centre",
			"links": "https://www.google.com/maps/dir/?api=1&destination=43.696835,-79.823299"
		},
		{
			"gymname": "Cassie Campbell Community Splashpad",
			"links": "https://www.google.com/maps/dir/?api=1&destination=43.696378,-79.824096"
		},
		{
			"gymname": "Cavendish Park",
			"links": "https://www.google.com/maps/dir/?api=1&destination=43.713069,-79.712567"
		},
		{
			"gymname": "Century Billiards Artwork",
			"links": "https://www.google.com/maps/dir/?api=1&destination=43.697094,-79.74895"
		},
		{
			"gymname": "Century Gardens",
			"links": "https://www.google.com/maps/dir/?api=1&destination=43.710039,-79.75661"
		},
		{
			"gymname": "Chant Valley Park",
			"links": "https://www.google.com/maps/dir/?api=1&destination=43.775298,-79.729409"
		},
		{
			"gymname": "Cheyne Pioneer Cemetery",
			"links": "https://www.google.com/maps/dir/?api=1&destination=43.657948,-79.722068"
		},
		{
			"gymname": "Child Hope Foundation",
			"links": "https://www.google.com/maps/dir/?api=1&destination=43.68758,-79.770434"
		},
		{
			"gymname": "Chinguacousy Park - Mini Moo",
			"links": "https://www.google.com/maps/dir/?api=1&destination=43.723362,-79.721752"
		},
		{
			"gymname": "Chinguacousy Park - Spray Pad",
			"links": "https://www.google.com/maps/dir/?api=1&destination=43.724768,-79.723468"
		},
		{
			"gymname": "Chinguacousy Park Boat Pavilion",
			"links": "https://www.google.com/maps/dir/?api=1&destination=43.723524,-79.724924"
		},
		{
			"gymname": "Chinguacousy Park Ski Chalet Entrance",
			"links": "https://www.google.com/maps/dir/?api=1&destination=43.728953,-79.725051"
		},
		{
			"gymname": "Chinguacousy Park Tropical Garden",
			"links": "https://www.google.com/maps/dir/?api=1&destination=43.722832,-79.721118"
		},
		{
			"gymname": "Chris Gibson Park Southern Entrance",
			"links": "https://www.google.com/maps/dir/?api=1&destination=43.681271,-79.771328"
		},
		{
			"gymname": "Christian Family Church",
			"links": "https://www.google.com/maps/dir/?api=1&destination=43.68471,-79.78294"
		},
		{
			"gymname": "Church of the Archangel Michael",
			"links": "https://www.google.com/maps/dir/?api=1&destination=43.736372,-79.827177"
		},
		{
			"gymname": "Churchville Park",
			"links": "https://www.google.com/maps/dir/?api=1&destination=43.632977,-79.756877"
		},
		{
			"gymname": "Churchville Park Playground",
			"links": "https://www.google.com/maps/dir/?api=1&destination=43.633332,-79.755139"
		},
		{
			"gymname": "Churchville Village",
			"links": "https://www.google.com/maps/dir/?api=1&destination=43.639601,-79.76173"
		},
		{
			"gymname": "Conservation Drive Park",
			"links": "https://www.google.com/maps/dir/?api=1&destination=43.731438,-79.808715"
		},
		{
			"gymname": "Cowton Family Meadow Park",
			"links": "https://www.google.com/maps/dir/?api=1&destination=43.686653,-79.785221"
		},
		{
			"gymname": "Creditview Park",
			"links": "https://www.google.com/maps/dir/?api=1&destination=43.683661,-79.833583"
		},
		{
			"gymname": "Cresthaven Park",
			"links": "https://www.google.com/maps/dir/?api=1&destination=43.72531,-79.822206"
		},
		{
			"gymname": "Crystalview Crescent Park and Playground",
			"links": "https://www.google.com/maps/dir/?api=1&destination=43.767816,-79.664574"
		},
		{
			"gymname": "Dafoe Parkette",
			"links": "https://www.google.com/maps/dir/?api=1&destination=43.656746,-79.75406"
		},
		{
			"gymname": "Damatta Park Gazebo",
			"links": "https://www.google.com/maps/dir/?api=1&destination=43.671705,-79.811594"
		},
		{
			"gymname": "David Dash Memorial Baseball Diamond",
			"links": "https://www.google.com/maps/dir/?api=1&destination=43.678234,-79.760675"
		},
		{
			"gymname": "Dearbourne Park",
			"links": "https://www.google.com/maps/dir/?api=1&destination=43.713049,-79.698845"
		},
		{
			"gymname": "Dennison Park",
			"links": "https://www.google.com/maps/dir/?api=1&destination=43.756898,-79.822228"
		},
		{
			"gymname": "Don Doan Trail Map In Earnscliffe Park",
			"links": "https://www.google.com/maps/dir/?api=1&destination=43.723738,-79.699201"
		},
		{
			"gymname": "Donnelly East Park",
			"links": "https://www.google.com/maps/dir/?api=1&destination=43.734771,-79.782862"
		},
		{
			"gymname": "Dorchester Park",
			"links": "https://www.google.com/maps/dir/?api=1&destination=43.718755,-79.694452"
		},
		{
			"gymname": "Dorset Park",
			"links": "https://www.google.com/maps/dir/?api=1&destination=43.71812,-79.699789"
		},
		{
			"gymname": "Dr Jose P. Rizal - National Filipino Hero",
			"links": "https://www.google.com/maps/dir/?api=1&destination=43.689626,-79.810454"
		},
		{
			"gymname": "Duggan Park East",
			"links": "https://www.google.com/maps/dir/?api=1&destination=43.696808,-79.764983"
		},
		{
			"gymname": "Duggan Park Hilltop",
			"links": "https://www.google.com/maps/dir/?api=1&destination=43.695,-79.761783"
		},
		{
			"gymname": "Durham Park",
			"links": "https://www.google.com/maps/dir/?api=1&destination=43.715050,-79.701554"
		},
		{
			"gymname": "Earl Cook Parkette",
			"links": "https://www.google.com/maps/dir/?api=1&destination=43.691613,-79.81899"
		},
		{
			"gymname": "Earnie Mitchell Park",
			"links": "https://www.google.com/maps/dir/?api=1&destination=43.689452,-79.756209"
		},
		{
			"gymname": "Earnscliffe Park North Entrance",
			"links": "https://www.google.com/maps/dir/?api=1&destination=43.72358,-79.708811"
		},
		{
			"gymname": "Earnscliffe Recreation Centre",
			"links": "https://www.google.com/maps/dir/?api=1&destination=43.723738,-79.699201"
		},
		{
			"gymname": "Ebenezer Schoolhouse",
			"links": "https://www.google.com/maps/dir/?api=1&destination=43.772041,-79.663653"
		},
		{
			"gymname": "Eco-Friendly Demonstration Garden",
			"links": "https://www.google.com/maps/dir/?api=1&destination=43.663745,-79.721526"
		},
		{
			"gymname": "Ellen Mitchell Recreation Centre",
			"links": "https://www.google.com/maps/dir/?api=1&destination=43.733356,-79.74396"
		},
		{
			"gymname": "Embassy Grand Convention Gazebo",
			"links": "https://www.google.com/maps/dir/?api=1&destination=43.767410,-79.659355"
		},
		{
			"gymname": "Emmanuel United Church",
			"links": "https://www.google.com/maps/dir/?api=1&destination=43.714194,-79.70854"
		},
		{
			"gymname": "English Street Park",
			"links": "https://www.google.com/maps/dir/?api=1&destination=43.692338,-79.773924"
		},
		{
			"gymname": "Etobicoke River Flood Control Channel Monument",
			"links": "https://www.google.com/maps/dir/?api=1&destination=43.6913,-79.758978"
		},
		{
			"gymname": "",
			"links": ""
		},
		{
			"gymname": "Faith Gospel Tabernacle",
			"links": "https://www.google.com/maps/dir/?api=1&destination=43.677085,-79.818409"
		},
		{
			"gymname": "Father Eugene O'Reilly Park",
			"links": "https://www.google.com/maps/dir/?api=1&destination=43.816102,-79.726833"
		},
		{
			"gymname": "Fletcher's Parkette",
			"links": "https://www.google.com/maps/dir/?api=1&destination=43.680457,-79.819819"
		},
		{
			"gymname": "Flower City Campus Seniors Recreation Centre",
			"links": "https://www.google.com/maps/dir/?api=1&destination=43.671403,-79.769772"
		},
		{
			"gymname": "frank harkema park",
			"links": "https://www.google.com/maps/dir/?api=1&destination=43.707806,-79.819536"
		},
		{
			"gymname": "Fred Kee Park",
			"links": "https://www.google.com/maps/dir/?api=1&destination=43.694969,-79.788061"
		},
		{
			"gymname": "Gates of Countryside",
			"links": "https://www.google.com/maps/dir/?api=1&destination=43.771295,-79.756387"
		},
		{
			"gymname": "Gatesgill Park",
			"links": "https://www.google.com/maps/dir/?api=1&destination=43.700182,-79.78381"
		},
		{
			"gymname": "Gazebo at Lakelands Park",
			"links": "https://www.google.com/maps/dir/?api=1&destination=43.718519,-79.761048"
		},
		{
			"gymname": "Giant Chessboard",
			"links": "https://www.google.com/maps/dir/?api=1&destination=43.703641,-79.716974"
		},
		{
			"gymname": "Glenforest Park North",
			"links": "https://www.google.com/maps/dir/?api=1&destination=43.737089,-79.726404"
		},
		{
			"gymname": "Glenmanor Park",
			"links": "https://www.google.com/maps/dir/?api=1&destination=43.712951,-79.790911"
		},
		{
			"gymname": "Gore Meadows Community Centre and Brampton Library",
			"links": "https://www.google.com/maps/dir/?api=1&destination=43.795066,-79.694626"
		},
		{
			"gymname": "Greenmount Park (Middle, South Side Of Greenmount Rd)",
			"links": "https://www.google.com/maps/dir/?api=1&destination=43.731728,-79.713713"
		},
		{
			"gymname": "Guadara Dasmesh Darbar Temple",
			"links": "https://www.google.com/maps/dir/?api=1&destination=43.773954,-79.660794"
		},
		{
			"gymname": "Hanover Park South",
			"links": "https://www.google.com/maps/dir/?api=1&destination=43.719011,-79.726046"
		},
		{
			"gymname": "Hansen Parkette",
			"links": "https://www.google.com/maps/dir/?api=1&destination=43.710338,-79.763668"
		},
		{
			"gymname": "Heart Lake",
			"links": "https://www.google.com/maps/dir/?api=1&destination=43.739996,-79.791445"
		},
		{
			"gymname": "Heartlake Conservation Area Information Sign",
			"links": "https://www.google.com/maps/dir/?api=1&destination=43.738711,-79.791855"
		},
		{
			"gymname": "Heartlake Presbyterian Church",
			"links": "https://www.google.com/maps/dir/?api=1&destination=43.722108,-79.787387"
		},
		{
			"gymname": "Heartlake United Church",
			"links": "https://www.google.com/maps/dir/?api=1&destination=43.721867,-79.79771"
		},
		{
			"gymname": "heartlake wise paw prints information sign",
			"links": "https://www.google.com/maps/dir/?api=1&destination=43.745691,-79.798188"
		},
		{
			"gymname": "Hesp Valley - NW Entrance",
			"links": "https://www.google.com/maps/dir/?api=1&destination=43.701338,-79.820134"
		},
		{
			"gymname": "Historic Brampton Flowertown of Canada",
			"links": "https://www.google.com/maps/dir/?api=1&destination=43.693538,-79.764202"
		},
		{
			"gymname": "Hollowtree Park",
			"links": "https://www.google.com/maps/dir/?api=1&destination=43.705711,-79.76859"
		},
		{
			"gymname": "Howden Recreation Centre",
			"links": "https://www.google.com/maps/dir/?api=1&destination=43.721357,-79.729052"
		},
		{
			"gymname": "In Memory of Nadia and Collette",
			"links": "https://www.google.com/maps/dir/?api=1&destination=43.68893,-79.808645"
		},
		{
			"gymname": "J.P. Hutton Park",
			"links": "https://www.google.com/maps/dir/?api=1&destination=43.701916,-79.824625"
		},
		{
			"gymname": "James F.McCurry Victoria Park Arena",
			"links": "https://www.google.com/maps/dir/?api=1&destination=43.704955,-79.698071"
		},
		{
			"gymname": "Jefferson Park South",
			"links": "https://www.google.com/maps/dir/?api=1&destination=43.739714,-79.730773"
		},
		{
			"gymname": "John Arthur Carroll Memorial Arboretum",
			"links": "https://www.google.com/maps/dir/?api=1&destination=43.684779,-79.750966"
		},
		{
			"gymname": "John H. McCullough dedication tree",
			"links": "https://www.google.com/maps/dir/?api=1&destination=43.671121,-79.741081"
		},
		{
			"gymname": "Jorgen Jensen Parkette",
			"links": "https://www.google.com/maps/dir/?api=1&destination=43.728162,-79.792842"
		},
		{
			"gymname": "Josiah Mason Pond",
			"links": "https://www.google.com/maps/dir/?api=1&destination=43.766596,-79.669123"
		},
		{
			"gymname": "Kennedy Road Tabernacle",
			"links": "https://www.google.com/maps/dir/?api=1&destination=43.702957,-79.759614"
		},
		{
			"gymname": "Kenneth Chisholm Pond",
			"links": "https://www.google.com/maps/dir/?api=1&destination=43.687385,-79.823989"
		},
		{
			"gymname": "Kiwanis Memorial Park",
			"links": "https://www.google.com/maps/dir/?api=1&destination=43.668122,-79.735679"
		},
		{
			"gymname": "Korean War Memorial",
			"links": "https://www.google.com/maps/dir/?api=1&destination=43.641889,-79.749163"
		},
		{
			"gymname": "Lake Louise Park",
			"links": "https://www.google.com/maps/dir/?api=1&destination=43.67922,-79.812627"
		},
		{
			"gymname": "Lascelles Park",
			"links": "https://www.google.com/maps/dir/?api=1&destination=43.721959,-79.740441"
		},
		{
			"gymname": "Laurelcrest Park",
			"links": "https://www.google.com/maps/dir/?api=1&destination=43.712078,-79.739158"
		},
		{
			"gymname": "Laurelcrest Park South",
			"links": "https://www.google.com/maps/dir/?api=1&destination=43.710834,-79.733244"
		},
		{
			"gymname": "Leander Park",
			"links": "https://www.google.com/maps/dir/?api=1&destination=43.720095,-79.744515"
		},
		{
			"gymname": "Leon's Bench",
			"links": "https://www.google.com/maps/dir/?api=1&destination=43.688976,-79.756058"
		},
		{
			"gymname": "Little Family Way Park",
			"links": "https://www.google.com/maps/dir/?api=1&destination=43.752473,-79.754801"
		},
		{
			"gymname": "Loafers Lake Recreation Centre",
			"links": "https://www.google.com/maps/dir/?api=1&destination=43.726078,-79.798605"
		},
		{
			"gymname": "Lougheed Park",
			"links": "https://www.google.com/maps/dir/?api=1&destination=43.642018,-79.753306"
		},
		{
			"gymname": "Malta Parkette",
			"links": "https://www.google.com/maps/dir/?api=1&destination=43.6592,-79.730652"
		},
		{
			"gymname": "Manitou Park",
			"links": "https://www.google.com/maps/dir/?api=1&destination=43.734828,-79.754071"
		},
		{
			"gymname": "Manor Gazebo",
			"links": "https://www.google.com/maps/dir/?api=1&destination=43.654588,-79.742206"
		},
		{
			"gymname": "Matthew Cation Park",
			"links": "https://www.google.com/maps/dir/?api=1&destination=43.705658,-79.829305"
		},
		{
			"gymname": "Mayfield Park Water Tower",
			"links": "https://www.google.com/maps/dir/?api=1&destination=43.72996,-79.828426"
		},
		{
			"gymname": "Meadowvalle Cemetery Map",
			"links": "https://www.google.com/maps/dir/?api=1&destination=43.639239,-79.745022"
		},
		{
			"gymname": "Milestone of Labour",
			"links": "https://www.google.com/maps/dir/?api=1&destination=43.672379,-79.765878"
		},
		{
			"gymname": "Millstone Parkette",
			"links": "https://www.google.com/maps/dir/?api=1&destination=43.646958,-79.753417"
		},
		{
			"gymname": "Minaker Park",
			"links": "https://www.google.com/maps/dir/?api=1&destination=43.771911,-79.67257"
		},
		{
			"gymname": "Morris Kerbel Park",
			"links": "https://www.google.com/maps/dir/?api=1&destination=43.718385,-79.789277"
		},
		{
			"gymname": "Mount Pleasant GO Train Station",
			"links": "https://www.google.com/maps/dir/?api=1&destination=43.675374,-79.820869"
		},
		{
			"gymname": "Mount Pleasant Station North Entrance",
			"links": "https://www.google.com/maps/dir/?api=1&destination=43.675013,-79.821561"
		},
		{
			"gymname": "Mount Pleasant West GO Train Access Entrance",
			"links": "https://www.google.com/maps/dir/?api=1&destination=43.6747,-79.823387"
		},
		{
			"gymname": "Mt Pleasant GO Transit Station",
			"links": "https://www.google.com/maps/dir/?api=1&destination=43.682844,-79.828135"
		},
		{
			"gymname": "Natives",
			"links": "https://www.google.com/maps/dir/?api=1&destination=43.73053,-79.764884"
		},
		{
			"gymname": "Norman Price's Pond",
			"links": "https://www.google.com/maps/dir/?api=1&destination=43.674042,-79.805793"
		},
		{
			"gymname": "North Bramalea Presbyterian Church",
			"links": "https://www.google.com/maps/dir/?api=1&destination=43.734539,-79.742407"
		},
		{
			"gymname": "Northwood Park",
			"links": "https://www.google.com/maps/dir/?api=1&destination=43.676023,-79.778908"
		},
		{
			"gymname": "Parcourse FitCircuit Station",
			"links": "https://www.google.com/maps/dir/?api=1&destination=43.704436,-79.714766"
		},
		{
			"gymname": "Parks Maintenance and Operations",
			"links": "https://www.google.com/maps/dir/?api=1&destination=43.667062,-79.78921"
		},
		{
			"gymname": "Parr Lake North",
			"links": "https://www.google.com/maps/dir/?api=1&destination=43.716066,-79.747152"
		},
		{
			"gymname": "Peleg Howland Valley",
			"links": "https://www.google.com/maps/dir/?api=1&destination=43.69974,-79.813181"
		},
		{
			"gymname": "Peleg Howland Valley Park Entrance - Bonistel Fork",
			"links": "https://www.google.com/maps/dir/?api=1&destination=43.698038,-79.808098"
		},
		{
			"gymname": "Powerade Centre",
			"links": "https://www.google.com/maps/dir/?api=1&destination=43.666926,-79.709174"
		},
		{
			"gymname": "Professor Lake Recreational Centre",
			"links": "https://www.google.com/maps/dir/?api=1&destination=43.746396,-79.733049"
		},
		{
			"gymname": "Professors Lake Park",
			"links": "https://www.google.com/maps/dir/?api=1&destination=43.744606,-79.738602"
		},
		{
			"gymname": "Roehampton Park",
			"links": "https://www.google.com/maps/dir/?api=1&destination=43.66067,-79.74185"
		},
		{
			"gymname": "Rosalea Park",
			"links": "https://www.google.com/maps/dir/?api=1&destination=43.689816,-79.759114"
		},
		{
			"gymname": "Rose Theatre Fountain",
			"links": "https://www.google.com/maps/dir/?api=1&destination=43.686677,-79.760078"
		},
		{
			"gymname": "Royal Canadian Legion",
			"links": "https://www.google.com/maps/dir/?api=1&destination=43.68521,-79.751511"
		},
		{
			"gymname": "Royal Orchard Channel",
			"links": "https://www.google.com/maps/dir/?api=1&destination=43.693238,-79.782327"
		},
		{
			"gymname": "Royal West Trellises",
			"links": "https://www.google.com/maps/dir/?api=1&destination=43.649689,-79.800416"
		},
		{
			"gymname": "Rusty Chair (Art)",
			"links": "https://www.google.com/maps/dir/?api=1&destination=43.734072,-79.707253"
		},
		{
			"gymname": "Sheffield Park",
			"links": "https://www.google.com/maps/dir/?api=1&destination=43.711187,-79.781072"
		},
		{
			"gymname": "Sheridan College-Brampton",
			"links": "https://www.google.com/maps/dir/?api=1&destination=43.655589,-79.738439"
		},
		{
			"gymname": "Sheridan Park",
			"links": "https://www.google.com/maps/dir/?api=1&destination=43.693873,-79.75657"
		},
		{
			"gymname": "Soccer Mural",
			"links": "https://www.google.com/maps/dir/?api=1&destination=43.743562,-79.770024"
		},
		{
			"gymname": "South Fletcher's Sportplex",
			"links": "https://www.google.com/maps/dir/?api=1&destination=43.652967,-79.734182"
		},
		{
			"gymname": "St. Bartholomew's United Church",
			"links": "https://www.google.com/maps/dir/?api=1&destination=43.680348,-79.741147"
		},
		{
			"gymname": "St. George Syriac Orthodox Church",
			"links": "https://www.google.com/maps/dir/?api=1&destination=43.634261,-79.767494"
		},
		{
			"gymname": "St. John Fisher Catholic Church",
			"links": "https://www.google.com/maps/dir/?api=1&destination=43.710345,-79.711455"
		},
		{
			"gymname": "St. Joseph Of Nazereth Anglican Church",
			"links": "https://www.google.com/maps/dir/?api=1&destination=43.70955,-79.71243"
		},
		{
			"gymname": "St. Marguerite d'Youville Parish",
			"links": "https://www.google.com/maps/dir/?api=1&destination=43.765229,-79.749409"
		},
		{
			"gymname": "Stafford Woods",
			"links": "https://www.google.com/maps/dir/?api=1&destination=43.728142,-79.81132"
		},
		{
			"gymname": "Stanford Spire",
			"links": "https://www.google.com/maps/dir/?api=1&destination=43.691108,-79.804053"
		},
		{
			"gymname": "Statue of the Goddess Athena",
			"links": "https://www.google.com/maps/dir/?api=1&destination=43.740338,-79.692304"
		},
		{
			"gymname": "Steacy Park",
			"links": "https://www.google.com/maps/dir/?api=1&destination=43.678064,-79.749672"
		},
		{
			"gymname": "Steam Punk Clockworks",
			"links": "https://www.google.com/maps/dir/?api=1&destination=43.681175,-79.761979"
		},
		{
			"gymname": "Talbot Park",
			"links": "https://www.google.com/maps/dir/?api=1&destination=43.689388,-79.776417"
		},
		{
			"gymname": "Tara Park",
			"links": "https://www.google.com/maps/dir/?api=1&destination=43.69759,-79.77541"
		},
		{
			"gymname": "Teramoto Park",
			"links": "https://www.google.com/maps/dir/?api=1&destination=43.668196,-79.784384"
		},
		{
			"gymname": "Terry Fox Track and Field Stadium",
			"links": "https://www.google.com/maps/dir/?api=1&destination=43.7258,-79.71971"
		},
		{
			"gymname": "The Apple Factory",
			"links": "https://www.google.com/maps/dir/?api=1&destination=43.667055,-79.829909"
		},
		{
			"gymname": "The Berean Church of God",
			"links": "https://www.google.com/maps/dir/?api=1&destination=43.713401,-79.800647"
		},
		{
			"gymname": "The Dale Estate",
			"links": "https://www.google.com/maps/dir/?api=1&destination=43.694174,-79.763813"
		},
		{
			"gymname": "The Old Shoe Factory",
			"links": "https://www.google.com/maps/dir/?api=1&destination=43.686655,-79.766877"
		},
		{
			"gymname": "The Stone Square",
			"links": "https://www.google.com/maps/dir/?api=1&destination=43.717383,-79.75159"
		},
		{
			"gymname": "Toronto Temple Of The Church Of Jerusalem Christmas West Water Fountain",
			"links": "https://www.google.com/maps/dir/?api=1&destination=43.744006,-79.745477"
		},
		{
			"gymname": "Totem Pole",
			"links": "https://www.google.com/maps/dir/?api=1&destination=43.703404,-79.716638"
		},
		{
			"gymname": "Unity Windmill",
			"links": "https://www.google.com/maps/dir/?api=1&destination=43.654495,-79.741889"
		},
		{
			"gymname": "Valleybrook Park",
			"links": "https://www.google.com/maps/dir/?api=1&destination=43.700424,-79.775713"
		},
		{
			"gymname": "Valleywood",
			"links": "https://www.google.com/maps/dir/?api=1&destination=43.744322,-79.831842"
		},
		{
			"gymname": "Village of South Fields Parkette",
			"links": "https://www.google.com/maps/dir/?api=1&destination=43.754998,-79.822137"
		},
		{
			"gymname": "W.A. Bates Pond",
			"links": "https://www.google.com/maps/dir/?api=1&destination=43.691252,-79.815543"
		},
		{
			"gymname": "Wellington, In Memory of Crowne",
			"links": "https://www.google.com/maps/dir/?api=1&destination=43.768639,-79.730143"
		},
		{
			"gymname": "White Spruce Park",
			"links": "https://www.google.com/maps/dir/?api=1&destination=43.731284,-79.774343"
		},
		{
			"gymname": "Whitewash Park",
			"links": "https://www.google.com/maps/dir/?api=1&destination=43.684692,-79.801046"
		},
		{
			"gymname": "Winterfold Park",
			"links": "https://www.google.com/maps/dir/?api=1&destination=43.713668,-79.773127"
		},
		{
			"gymname": "Wok of Fame Guardian",
			"links": "https://www.google.com/maps/dir/?api=1&destination=43.659794,-79.726115"
		},
		{
			"gymname": "Woodview Park East",
			"links": "https://www.google.com/maps/dir/?api=1&destination=43.672732,-79.760112"
		},
		{
			"gymname": "Word of God Assemblies International",
			"links": "https://www.google.com/maps/dir/?api=1&destination=43.701121,-79.796755"
		},
		{
			"gymname": "Young Canada Celebration Sculpture",
			"links": "https://www.google.com/maps/dir/?api=1&destination=43.684318,-79.759185"
		},
		{
			"gymname": "Zion Cemetery",
			"links": "https://www.google.com/maps/dir/?api=1&destination=43.726159,-79.813347"
		},
		{
			"gymname": "Bayridge Park",
			"links": "https://www.google.com/maps/dir/?api=1&destination=43.767844,-79.713048"
		},
		{
			"gymname": "Walter Watson Vista",
			"links": "https://www.google.com/maps/dir/?api=1&destination=43.768906,-79.690437"
		},
		{
			"gymname": "John G. Hooper Pond",
			"links": "https://www.google.com/maps/dir/?api=1&destination=43.771221,-79.673352"
		},
		{
			"gymname": "Toronto Gore Township Town Hall",
			"links": "https://www.google.com/maps/dir/?api=1&destination=43.771734,-79.663208"
		},
		{
			"gymname": "Waterfall Rock Formation",
			"links": null
		},
		{
			"gymname": "Bramalea Seventh Day Adventist Church",
			"links": "https://www.google.com/maps/dir/?api=1&destination=43.722176,-79.691105"
		},
		{
			"gymname": "Hilldale Park North",
			"links": "https://www.google.com/maps/dir/?api=1&destination=43.729563,-79.735403"
		},
		{
			"gymname": "Big Train Park",
			"links": "https://www.google.com/maps/dir/?api=1&destination=43.781231,-79.683793"
		},
		{
			"gymname": null,
			"links": null
		},
		{
			"gymname": null,
			"links": null
		}
	]
}